Country,ISO,Sex,Year of birth,Meanheight,Mean height lower 95% uncertainty interval (cm),Mean height upper 95% uncertainty interval (cm)
China,CHN,Men,1896,160.9729313,159.1951595,162.7386606
China,CHN,Men,1897,161.1257916,159.4570841,162.7792177
China,CHN,Men,1898,161.2790657,159.7259449,162.8199982
China,CHN,Men,1899,161.4325731,159.9914831,162.8547368
China,CHN,Men,1900,161.5858939,160.2448649,162.9145795
China,CHN,Men,1901,161.739109,160.4976466,162.9792487
China,CHN,Men,1902,161.8918251,160.7321163,163.0537324
China,CHN,Men,1903,162.0427718,160.9600046,163.1289154
China,CHN,Men,1904,162.1921021,161.1815411,163.2017645
China,CHN,Men,1905,162.3402342,161.3876845,163.2785638
China,CHN,Men,1906,162.4862149,161.5939559,163.3705417
China,CHN,Men,1907,162.629987,161.7824262,163.4805581
China,CHN,Men,1908,162.7714165,161.957592,163.5735307
China,CHN,Men,1909,162.9107493,162.1395225,163.6755806
China,CHN,Men,1910,163.0494487,162.3060779,163.7828249
China,CHN,Men,1911,163.187869,162.460298,163.8930756
China,CHN,Men,1912,163.3267213,162.6200353,164.0183066
China,CHN,Men,1913,163.4650376,162.7829927,164.1400018
China,CHN,Men,1914,163.6025747,162.9368454,164.2519862
China,CHN,Men,1915,163.7386374,163.088843,164.37528
China,CHN,Men,1916,163.8727274,163.2360299,164.4874161
China,CHN,Men,1917,164.0044364,163.3872085,164.597562
China,CHN,Men,1918,164.1339519,163.5343722,164.7113618
China,CHN,Men,1919,164.2596907,163.6712029,164.8291762
China,CHN,Men,1920,164.3811269,163.8046742,164.9464161
China,CHN,Men,1921,164.4980751,163.9358337,165.0542522
China,CHN,Men,1922,164.6108894,164.0627027,165.1548478
China,CHN,Men,1923,164.7192637,164.1798154,165.2529205
China,CHN,Men,1924,164.8240596,164.297979,165.3463966
China,CHN,Men,1925,164.9280949,164.4120965,165.4408098
China,CHN,Men,1926,165.0330312,164.5296991,165.5307479
China,CHN,Men,1927,165.1386547,164.6495451,165.6314198
China,CHN,Men,1928,165.2449253,164.7584806,165.7291076
China,CHN,Men,1929,165.3507387,164.8673331,165.8314834
China,CHN,Men,1930,165.45456,164.9777978,165.9364145
China,CHN,Men,1931,165.5561967,165.0879102,166.0349843
China,CHN,Men,1932,165.6552528,165.1939301,166.1390642
China,CHN,Men,1933,165.7527551,165.2873039,166.2247832
China,CHN,Men,1934,165.8486313,165.3856724,166.3111429
China,CHN,Men,1935,165.9451282,165.4939761,166.4010029
China,CHN,Men,1936,166.040662,165.5914322,166.4935325
China,CHN,Men,1937,166.1346114,165.6894651,166.5833552
China,CHN,Men,1938,166.2252837,165.7874172,166.6693701
China,CHN,Men,1939,166.3115577,165.8770029,166.7533278
China,CHN,Men,1940,166.3950479,165.9617672,166.8287809
China,CHN,Men,1941,166.4768573,166.0485194,166.9067569
China,CHN,Men,1942,166.561387,166.1451808,166.9904025
China,CHN,Men,1943,166.6513011,166.2494555,167.0754691
China,CHN,Men,1944,166.7457294,166.3477967,167.1635318
China,CHN,Men,1945,166.8449226,166.4482467,167.2577911
China,CHN,Men,1946,166.9492062,166.5563121,167.3566329
China,CHN,Men,1947,167.0576892,166.6707122,167.4570021
China,CHN,Men,1948,167.1695308,166.7824331,167.5680911
China,CHN,Men,1949,167.2823377,166.8956286,167.6794851
China,CHN,Men,1950,167.3956209,167.0167785,167.7946669
China,CHN,Men,1951,167.5077803,167.1284092,167.9002852
China,CHN,Men,1952,167.6174212,167.2376601,168.0057045
China,CHN,Men,1953,167.7238443,167.3521972,168.1135991
China,CHN,Men,1954,167.8261972,167.4595587,168.2055181
China,CHN,Men,1955,167.9235301,167.5605777,168.2997562
China,CHN,Men,1956,168.0147442,167.6527792,168.3872082
China,CHN,Men,1957,168.1005675,167.7435804,168.4768066
China,CHN,Men,1958,168.1805455,167.8225012,168.5553158
China,CHN,Men,1959,168.2541473,167.902202,168.6312596
China,CHN,Men,1960,168.321989,167.9690208,168.6920125
China,CHN,Men,1961,168.3840408,168.0268459,168.7496162
China,CHN,Men,1962,168.4394897,168.084085,168.8070422
China,CHN,Men,1963,168.4873551,168.1333807,168.8501312
China,CHN,Men,1964,168.5269579,168.1754504,168.8872252
China,CHN,Men,1965,168.5600819,168.2046486,168.9202674
China,CHN,Men,1966,168.5901309,168.2386936,168.9498471
China,CHN,Men,1967,168.6212348,168.2650426,168.9862618
China,CHN,Men,1968,168.6560196,168.3004092,169.0233265
China,CHN,Men,1969,168.6977909,168.3415995,169.0710776
China,CHN,Men,1970,168.7475774,168.3829895,169.1204684
China,CHN,Men,1971,168.8077301,168.4445608,169.1803868
China,CHN,Men,1972,168.8785716,168.5092921,169.2523813
China,CHN,Men,1973,168.9619689,168.5826107,169.3446479
China,CHN,Men,1974,169.058584,168.6803777,169.4422448
China,CHN,Men,1975,169.1678045,168.7908772,169.5484783
China,CHN,Men,1976,169.2860484,168.903297,169.671395
China,CHN,Men,1977,169.4104003,169.0218123,169.794517
China,CHN,Men,1978,169.5392316,169.1473537,169.917872
China,CHN,Men,1979,169.6718094,169.2761132,170.0601704
China,CHN,Men,1980,169.8074958,169.4135137,170.2020049
China,CHN,Men,1981,169.94662,169.5471207,170.341909
China,CHN,Men,1982,170.0872867,169.6866604,170.4871991
China,CHN,Men,1983,170.2281671,169.8253401,170.6234863
China,CHN,Men,1984,170.3676822,169.9590204,170.7640326
China,CHN,Men,1985,170.5042444,170.0837927,170.8995717
China,CHN,Men,1986,170.637327,170.2135028,171.0375887
China,CHN,Men,1987,170.7657854,170.3428388,171.1756786
China,CHN,Men,1988,170.8903607,170.4519319,171.3179999
China,CHN,Men,1989,171.0118299,170.5611725,171.4525339
China,CHN,Men,1990,171.1309393,170.6597268,171.6070095
China,CHN,Men,1991,171.2486194,170.7448314,171.7611644
China,CHN,Men,1992,171.3655386,170.8172969,171.9227691
China,CHN,Men,1993,171.4819344,170.8857692,172.0923462
China,CHN,Men,1994,171.5972769,170.9380346,172.2711386
China,CHN,Men,1995,171.7125448,170.9829871,172.463554
China,CHN,Men,1996,171.8276872,171.0143709,172.6591849
China (Hong Kong SAR),HKG,Men,1896,159.7144285,156.9161346,162.4870666
China (Hong Kong SAR),HKG,Men,1897,159.8146567,157.1230371,162.4510562
China (Hong Kong SAR),HKG,Men,1898,159.9151148,157.3310983,162.4430117
China (Hong Kong SAR),HKG,Men,1899,160.0157559,157.5284935,162.4267334
China (Hong Kong SAR),HKG,Men,1900,160.1166136,157.7108211,162.4314304
China (Hong Kong SAR),HKG,Men,1901,160.2178972,157.8902413,162.449346
China (Hong Kong SAR),HKG,Men,1902,160.319298,158.0821116,162.4851233
China (Hong Kong SAR),HKG,Men,1903,160.4200686,158.2954862,162.501376
China (Hong Kong SAR),HKG,Men,1904,160.5200957,158.4935669,162.5515127
China (Hong Kong SAR),HKG,Men,1905,160.6198417,158.6597601,162.5889703
China (Hong Kong SAR),HKG,Men,1906,160.719029,158.8308994,162.6098951
China (Hong Kong SAR),HKG,Men,1907,160.8178029,159.0004867,162.6433398
China (Hong Kong SAR),HKG,Men,1908,160.9165418,159.1356494,162.6861
China (Hong Kong SAR),HKG,Men,1909,161.0154154,159.2999883,162.7354016
China (Hong Kong SAR),HKG,Men,1910,161.1156701,159.4554458,162.7922696
China (Hong Kong SAR),HKG,Men,1911,161.2177995,159.5867181,162.8495563
China (Hong Kong SAR),HKG,Men,1912,161.3227828,159.7146016,162.9336696
China (Hong Kong SAR),HKG,Men,1913,161.4292764,159.8512108,163.004982
China (Hong Kong SAR),HKG,Men,1914,161.5368401,159.9854842,163.0692501
China (Hong Kong SAR),HKG,Men,1915,161.6446488,160.1144684,163.1573316
China (Hong Kong SAR),HKG,Men,1916,161.7522006,160.2228088,163.2547298
China (Hong Kong SAR),HKG,Men,1917,161.8590627,160.3745547,163.3185185
China (Hong Kong SAR),HKG,Men,1918,161.9657597,160.4976523,163.4117725
China (Hong Kong SAR),HKG,Men,1919,162.0706276,160.6128145,163.5028991
China (Hong Kong SAR),HKG,Men,1920,162.1736069,160.7495545,163.5920433
China (Hong Kong SAR),HKG,Men,1921,162.2746084,160.8735732,163.6559254
China (Hong Kong SAR),HKG,Men,1922,162.3740885,160.9681786,163.7669243
China (Hong Kong SAR),HKG,Men,1923,162.4722071,161.0643458,163.8551314
China (Hong Kong SAR),HKG,Men,1924,162.5702245,161.1706062,163.9469027
China (Hong Kong SAR),HKG,Men,1925,162.6705088,161.2725361,164.0546389
China (Hong Kong SAR),HKG,Men,1926,162.7743487,161.3783874,164.1651055
China (Hong Kong SAR),HKG,Men,1927,162.8818938,161.4798459,164.2755218
China (Hong Kong SAR),HKG,Men,1928,162.9934371,161.5750207,164.3761982
China (Hong Kong SAR),HKG,Men,1929,163.1081818,161.6890985,164.4990006
China (Hong Kong SAR),HKG,Men,1930,163.225686,161.7923501,164.6319785
China (Hong Kong SAR),HKG,Men,1931,163.3458821,161.9073288,164.7564201
China (Hong Kong SAR),HKG,Men,1932,163.4685784,162.0249445,164.8876682
China (Hong Kong SAR),HKG,Men,1933,163.5946294,162.1517571,165.0225916
China (Hong Kong SAR),HKG,Men,1934,163.7243096,162.2753916,165.1588349
China (Hong Kong SAR),HKG,Men,1935,163.8587962,162.3947122,165.2997613
China (Hong Kong SAR),HKG,Men,1936,163.9966051,162.5208251,165.4244407
China (Hong Kong SAR),HKG,Men,1937,164.1374276,162.6525216,165.575389
China (Hong Kong SAR),HKG,Men,1938,164.2797202,162.7918748,165.7381323
China (Hong Kong SAR),HKG,Men,1939,164.422324,162.9265744,165.8865592
China (Hong Kong SAR),HKG,Men,1940,164.5658198,163.0653163,166.038366
China (Hong Kong SAR),HKG,Men,1941,164.7116004,163.2134379,166.1875861
China (Hong Kong SAR),HKG,Men,1942,164.8628496,163.351649,166.335976
China (Hong Kong SAR),HKG,Men,1943,165.0217065,163.5019307,166.500417
China (Hong Kong SAR),HKG,Men,1944,165.1874799,163.6622137,166.6603224
China (Hong Kong SAR),HKG,Men,1945,165.3603085,163.8427859,166.8379526
China (Hong Kong SAR),HKG,Men,1946,165.5397919,164.0285143,167.0197485
China (Hong Kong SAR),HKG,Men,1947,165.7250534,164.2264974,167.1955759
China (Hong Kong SAR),HKG,Men,1948,165.9152326,164.4296516,167.3876092
China (Hong Kong SAR),HKG,Men,1949,166.108902,164.6390706,167.5810985
China (Hong Kong SAR),HKG,Men,1950,166.3051801,164.8350353,167.7686366
China (Hong Kong SAR),HKG,Men,1951,166.5025968,165.0397893,167.9657826
China (Hong Kong SAR),HKG,Men,1952,166.6999616,165.2396855,168.1486308
China (Hong Kong SAR),HKG,Men,1953,166.896689,165.4241187,168.3538742
China (Hong Kong SAR),HKG,Men,1954,167.0917732,165.6103129,168.5605095
China (Hong Kong SAR),HKG,Men,1955,167.2846679,165.8061034,168.7456681
China (Hong Kong SAR),HKG,Men,1956,167.4746568,166.0056333,168.9420405
China (Hong Kong SAR),HKG,Men,1957,167.6619991,166.1899863,169.1241381
China (Hong Kong SAR),HKG,Men,1958,167.8465395,166.3978365,169.3114721
China (Hong Kong SAR),HKG,Men,1959,168.0273712,166.5670284,169.481717
China (Hong Kong SAR),HKG,Men,1960,168.2043536,166.7414232,169.6489126
China (Hong Kong SAR),HKG,Men,1961,168.3769401,166.9161544,169.8199543
China (Hong Kong SAR),HKG,Men,1962,168.5439387,167.0623424,169.9868413
China (Hong Kong SAR),HKG,Men,1963,168.7037526,167.2274839,170.1592869
China (Hong Kong SAR),HKG,Men,1964,168.8552554,167.3774993,170.321186
China (Hong Kong SAR),HKG,Men,1965,168.9994074,167.5050067,170.4970458
China (Hong Kong SAR),HKG,Men,1966,169.1385929,167.6177964,170.6560001
China (Hong Kong SAR),HKG,Men,1967,169.2752327,167.751626,170.8075984
China (Hong Kong SAR),HKG,Men,1968,169.411348,167.8735768,170.9577826
China (Hong Kong SAR),HKG,Men,1969,169.5492451,167.9952297,171.1123944
China (Hong Kong SAR),HKG,Men,1970,169.6895707,168.1068588,171.2776751
China (Hong Kong SAR),HKG,Men,1971,169.8338131,168.2142175,171.4316179
China (Hong Kong SAR),HKG,Men,1972,169.9822354,168.3187648,171.6083035
China (Hong Kong SAR),HKG,Men,1973,170.1361053,168.436929,171.7988353
China (Hong Kong SAR),HKG,Men,1974,170.295521,168.557034,171.9898842
China (Hong Kong SAR),HKG,Men,1975,170.459616,168.6751688,172.2154204
China (Hong Kong SAR),HKG,Men,1976,170.6261204,168.7760299,172.4564246
China (Hong Kong SAR),HKG,Men,1977,170.7930524,168.8929993,172.6803706
China (Hong Kong SAR),HKG,Men,1978,170.9594344,168.9923622,172.921224
China (Hong Kong SAR),HKG,Men,1979,171.1248449,169.0928582,173.1763337
China (Hong Kong SAR),HKG,Men,1980,171.2892379,169.1677793,173.4063799
China (Hong Kong SAR),HKG,Men,1981,171.4538153,169.2460924,173.6501745
China (Hong Kong SAR),HKG,Men,1982,171.6175055,169.3101225,173.9059455
China (Hong Kong SAR),HKG,Men,1983,171.7788463,169.3757725,174.143715
China (Hong Kong SAR),HKG,Men,1984,171.9370974,169.4377334,174.3894199
China (Hong Kong SAR),HKG,Men,1985,172.0910481,169.5163713,174.6634284
China (Hong Kong SAR),HKG,Men,1986,172.2411395,169.5972844,174.9052175
China (Hong Kong SAR),HKG,Men,1987,172.3865023,169.6441683,175.1631027
China (Hong Kong SAR),HKG,Men,1988,172.5283724,169.692677,175.3955923
China (Hong Kong SAR),HKG,Men,1989,172.6674615,169.7099169,175.657085
China (Hong Kong SAR),HKG,Men,1990,172.8046691,169.7052059,175.890605
China (Hong Kong SAR),HKG,Men,1991,172.9408796,169.7337614,176.1456131
China (Hong Kong SAR),HKG,Men,1992,173.0765873,169.753119,176.3893579
China (Hong Kong SAR),HKG,Men,1993,173.2114924,169.7280565,176.6386803
China (Hong Kong SAR),HKG,Men,1994,173.3458743,169.7543326,176.9058519
China (Hong Kong SAR),HKG,Men,1995,173.4800516,169.7601116,177.1604519
China (Hong Kong SAR),HKG,Men,1996,173.6138509,169.755839,177.4281179
China,CHN,Women,1896,150.1553113,148.6718764,151.6733748
China,CHN,Women,1897,150.2670511,148.8651219,151.6995172
China,CHN,Women,1898,150.37906,149.0583114,151.7362754
China,CHN,Women,1899,150.4916526,149.2552942,151.7731806
China,CHN,Women,1900,150.6039552,149.4335138,151.8259541
China,CHN,Women,1901,150.7158677,149.6186751,151.8738514
China,CHN,Women,1902,150.8270935,149.7897917,151.9200816
China,CHN,Women,1903,150.9366108,149.9536561,151.9614904
China,CHN,Women,1904,151.0442074,150.1047488,152.0156266
China,CHN,Women,1905,151.149679,150.2579951,152.0636814
China,CHN,Women,1906,151.2527218,150.3910274,152.1204614
China,CHN,Women,1907,151.3531834,150.5304642,152.1862914
China,CHN,Women,1908,151.4523066,150.6629978,152.2439832
China,CHN,Women,1909,151.5500047,150.7865221,152.3096356
China,CHN,Women,1910,151.6468021,150.9069577,152.3863197
China,CHN,Women,1911,151.7435451,151.0228992,152.4633262
China,CHN,Women,1912,151.8409212,151.1459862,152.5462101
China,CHN,Women,1913,151.939554,151.2625605,152.6266334
China,CHN,Women,1914,152.0400824,151.3878052,152.7169227
China,CHN,Women,1915,152.1428269,151.5004849,152.8009038
China,CHN,Women,1916,152.2488248,151.6197836,152.8975775
China,CHN,Women,1917,152.3587446,151.7420656,152.9995995
China,CHN,Women,1918,152.472172,151.8586026,153.0984912
China,CHN,Women,1919,152.5898794,151.9829883,153.2067028
China,CHN,Women,1920,152.7127684,152.1220646,153.3165574
China,CHN,Women,1921,152.8407055,152.254797,153.4285018
China,CHN,Women,1922,152.9732795,152.3970093,153.5526217
China,CHN,Women,1923,153.110343,152.5467939,153.6885026
China,CHN,Women,1924,153.2532209,152.695958,153.8188475
China,CHN,Women,1925,153.4035293,152.856102,153.9561061
China,CHN,Women,1926,153.561732,153.018573,154.1024934
China,CHN,Women,1927,153.7254664,153.1938355,154.2553206
China,CHN,Women,1928,153.8928122,153.366518,154.4152475
China,CHN,Women,1929,154.0609183,153.5417044,154.5727331
China,CHN,Women,1930,154.2274062,153.7116532,154.7275193
China,CHN,Women,1931,154.3894745,153.8776148,154.879105
China,CHN,Women,1932,154.5466688,154.0432439,155.0269646
China,CHN,Women,1933,154.6999647,154.2028973,155.1812965
China,CHN,Women,1934,154.8492219,154.3641545,155.3228315
China,CHN,Women,1935,154.994487,154.5115431,155.4691087
China,CHN,Women,1936,155.1363803,154.6675591,155.60561
China,CHN,Women,1937,155.2747953,154.8082229,155.7420451
China,CHN,Women,1938,155.4082944,154.9499779,155.8721345
China,CHN,Women,1939,155.5354279,155.0823314,155.9911023
China,CHN,Women,1940,155.6568817,155.2093321,156.1052493
China,CHN,Women,1941,155.7732422,155.3336101,156.2215539
China,CHN,Women,1942,155.8858995,155.4540917,156.3285356
China,CHN,Women,1943,155.9971038,155.5677816,156.4353076
China,CHN,Women,1944,156.1080218,155.6863552,156.5393075
China,CHN,Women,1945,156.2188116,155.8024713,156.641903
China,CHN,Women,1946,156.3297236,155.9134163,156.7440561
China,CHN,Women,1947,156.4405177,156.0249309,156.852364
China,CHN,Women,1948,156.5500194,156.1347844,156.9635481
China,CHN,Women,1949,156.6575239,156.2487722,157.0660001
China,CHN,Women,1950,156.762586,156.3577867,157.1601124
China,CHN,Women,1951,156.8642807,156.4569052,157.2590085
China,CHN,Women,1952,156.961107,156.5624957,157.3506252
China,CHN,Women,1953,157.0524782,156.6627716,157.4358832
China,CHN,Women,1954,157.1375539,156.7511063,157.5193881
China,CHN,Women,1955,157.2159423,156.8366006,157.5964793
China,CHN,Women,1956,157.288364,156.9142302,157.6633031
China,CHN,Women,1957,157.3558201,156.9846276,157.7302382
China,CHN,Women,1958,157.4192754,157.0471839,157.7938812
China,CHN,Women,1959,157.4789216,157.1162096,157.8510712
China,CHN,Women,1960,157.5357631,157.1739963,157.9082778
China,CHN,Women,1961,157.5907095,157.2340112,157.9613289
China,CHN,Women,1962,157.6440135,157.2823291,158.0113399
China,CHN,Women,1963,157.6938318,157.3311798,158.0612908
China,CHN,Women,1964,157.7387982,157.3794336,158.1062695
China,CHN,Women,1965,157.7790119,157.4264166,158.1475333
China,CHN,Women,1966,157.8165896,157.4683388,158.1849373
China,CHN,Women,1967,157.8540859,157.5007257,158.2227518
China,CHN,Women,1968,157.8923411,157.536717,158.260062
China,CHN,Women,1969,157.9322784,157.5778978,158.3051867
China,CHN,Women,1970,157.9738192,157.6164457,158.3496843
China,CHN,Women,1971,158.0177542,157.659376,158.3955385
China,CHN,Women,1972,158.0646148,157.7024969,158.4421166
China,CHN,Women,1973,158.1150668,157.7484982,158.4964614
China,CHN,Women,1974,158.1704883,157.8073686,158.5572553
China,CHN,Women,1975,158.229826,157.8645317,158.6145863
China,CHN,Women,1976,158.2921361,157.9285625,158.6859915
China,CHN,Women,1977,158.3559505,157.9854112,158.7506371
China,CHN,Women,1978,158.4210961,158.0535071,158.816037
China,CHN,Women,1979,158.4881483,158.1134639,158.8828946
China,CHN,Women,1980,158.556818,158.1767391,158.9506762
China,CHN,Women,1981,158.6272574,158.2500957,159.0187229
China,CHN,Women,1982,158.6992473,158.3181807,159.0848186
China,CHN,Women,1983,158.7722706,158.3912696,159.1571341
China,CHN,Women,1984,158.8456253,158.457771,159.2308521
China,CHN,Women,1985,158.9185879,158.5339995,159.3070597
China,CHN,Women,1986,158.9911042,158.6016794,159.384219
China,CHN,Women,1987,159.0618409,158.6583467,159.4636803
China,CHN,Women,1988,159.1317914,158.7136239,159.5580876
China,CHN,Women,1989,159.2016022,158.7568959,159.6558774
China,CHN,Women,1990,159.2714028,158.7954228,159.7509933
China,CHN,Women,1991,159.342158,158.8286069,159.859923
China,CHN,Women,1992,159.4139529,158.8524381,159.9751394
China,CHN,Women,1993,159.4869708,158.877476,160.1023328
China,CHN,Women,1994,159.5609157,158.8892638,160.2282281
China,CHN,Women,1995,159.6347212,158.9076379,160.3719362
China,CHN,Women,1996,159.7088938,158.9088075,160.5206963
China (Hong Kong SAR),HKG,Women,1896,146.0280957,143.6189955,148.3812883
China (Hong Kong SAR),HKG,Women,1897,146.2185009,143.8826108,148.5106555
China (Hong Kong SAR),HKG,Women,1898,146.4091481,144.1278958,148.6310883
China (Hong Kong SAR),HKG,Women,1899,146.6001785,144.3814663,148.7323518
China (Hong Kong SAR),HKG,Women,1900,146.7908737,144.6545801,148.8659242
China (Hong Kong SAR),HKG,Women,1901,146.9811895,144.9228497,149.0067721
China (Hong Kong SAR),HKG,Women,1902,147.1709902,145.1786484,149.1372331
China (Hong Kong SAR),HKG,Women,1903,147.3596927,145.4230519,149.2711475
China (Hong Kong SAR),HKG,Women,1904,147.5465315,145.6534063,149.4029093
China (Hong Kong SAR),HKG,Women,1905,147.7314678,145.8927151,149.5318887
China (Hong Kong SAR),HKG,Women,1906,147.9144911,146.132018,149.6695619
China (Hong Kong SAR),HKG,Women,1907,148.0949948,146.374193,149.7947042
China (Hong Kong SAR),HKG,Women,1908,148.2736531,146.6012777,149.9350417
China (Hong Kong SAR),HKG,Women,1909,148.4497333,146.8022281,150.0794271
China (Hong Kong SAR),HKG,Women,1910,148.6241101,147.0094039,150.2149842
China (Hong Kong SAR),HKG,Women,1911,148.7966817,147.209988,150.343401
China (Hong Kong SAR),HKG,Women,1912,148.967863,147.4089249,150.4872936
China (Hong Kong SAR),HKG,Women,1913,149.1378401,147.6148669,150.6398218
China (Hong Kong SAR),HKG,Women,1914,149.3068066,147.8009557,150.7873697
China (Hong Kong SAR),HKG,Women,1915,149.4750129,148.0188036,150.9305046
China (Hong Kong SAR),HKG,Women,1916,149.642853,148.2090844,151.0600354
China (Hong Kong SAR),HKG,Women,1917,149.8105825,148.3913087,151.2082127
China (Hong Kong SAR),HKG,Women,1918,149.9783248,148.59891,151.3616532
China (Hong Kong SAR),HKG,Women,1919,150.1461376,148.7852348,151.5203984
China (Hong Kong SAR),HKG,Women,1920,150.3150978,148.9651212,151.6818916
China (Hong Kong SAR),HKG,Women,1921,150.4851593,149.1383161,151.84253
China (Hong Kong SAR),HKG,Women,1922,150.6562581,149.3183372,152.0066347
China (Hong Kong SAR),HKG,Women,1923,150.8286047,149.4929559,152.1770247
China (Hong Kong SAR),HKG,Women,1924,151.0027148,149.6656634,152.3593593
China (Hong Kong SAR),HKG,Women,1925,151.1806062,149.8438637,152.5313498
China (Hong Kong SAR),HKG,Women,1926,151.3626524,150.0217369,152.7117068
China (Hong Kong SAR),HKG,Women,1927,151.5470523,150.2081998,152.8986366
China (Hong Kong SAR),HKG,Women,1928,151.7326637,150.3843859,153.0917139
China (Hong Kong SAR),HKG,Women,1929,151.9176527,150.5685003,153.2680859
China (Hong Kong SAR),HKG,Women,1930,152.1009107,150.7597542,153.4477803
China (Hong Kong SAR),HKG,Women,1931,152.2799703,150.9292576,153.6356662
China (Hong Kong SAR),HKG,Women,1932,152.4550087,151.0964108,153.8139507
China (Hong Kong SAR),HKG,Women,1933,152.6275498,151.2651334,153.983736
China (Hong Kong SAR),HKG,Women,1934,152.7974867,151.4275606,154.1422041
China (Hong Kong SAR),HKG,Women,1935,152.9651062,151.5973443,154.3123497
China (Hong Kong SAR),HKG,Women,1936,153.1303944,151.7578057,154.4753018
China (Hong Kong SAR),HKG,Women,1937,153.2930952,151.90821,154.6447356
China (Hong Kong SAR),HKG,Women,1938,153.451765,152.0581264,154.8004387
China (Hong Kong SAR),HKG,Women,1939,153.6055305,152.2035583,154.9622655
China (Hong Kong SAR),HKG,Women,1940,153.7543289,152.3538509,155.113875
China (Hong Kong SAR),HKG,Women,1941,153.8987965,152.5027525,155.2564135
China (Hong Kong SAR),HKG,Women,1942,154.0399906,152.6325002,155.3992707
China (Hong Kong SAR),HKG,Women,1943,154.1799091,152.7716509,155.5431415
China (Hong Kong SAR),HKG,Women,1944,154.3192662,152.9128886,155.6739481
China (Hong Kong SAR),HKG,Women,1945,154.4580852,153.0431669,155.8191035
China (Hong Kong SAR),HKG,Women,1946,154.5966233,153.185193,155.9654226
China (Hong Kong SAR),HKG,Women,1947,154.7347368,153.3265367,156.1076378
China (Hong Kong SAR),HKG,Women,1948,154.8712429,153.4645775,156.2532684
China (Hong Kong SAR),HKG,Women,1949,155.0056557,153.6094268,156.3806383
China (Hong Kong SAR),HKG,Women,1950,155.1379981,153.7413731,156.536841
China (Hong Kong SAR),HKG,Women,1951,155.2677911,153.8739666,156.6734596
China (Hong Kong SAR),HKG,Women,1952,155.3934894,153.9843012,156.7868689
China (Hong Kong SAR),HKG,Women,1953,155.5146494,154.1033317,156.9114796
China (Hong Kong SAR),HKG,Women,1954,155.630842,154.2237718,157.0341633
China (Hong Kong SAR),HKG,Women,1955,155.7420219,154.3398565,157.1427339
China (Hong Kong SAR),HKG,Women,1956,155.8485092,154.4403803,157.2517585
China (Hong Kong SAR),HKG,Women,1957,155.9514078,154.5448933,157.3456725
China (Hong Kong SAR),HKG,Women,1958,156.0515915,154.6329889,157.4396448
China (Hong Kong SAR),HKG,Women,1959,156.1490957,154.7148762,157.5621499
China (Hong Kong SAR),HKG,Women,1960,156.2447607,154.8159642,157.6632474
China (Hong Kong SAR),HKG,Women,1961,156.3388483,154.8993834,157.7627391
China (Hong Kong SAR),HKG,Women,1962,156.4312728,154.998042,157.8732776
China (Hong Kong SAR),HKG,Women,1963,156.5204549,155.0790898,157.9883698
China (Hong Kong SAR),HKG,Women,1964,156.605049,155.1648335,158.0830048
China (Hong Kong SAR),HKG,Women,1965,156.685132,155.2285861,158.1747939
China (Hong Kong SAR),HKG,Women,1966,156.7620215,155.2919673,158.2740278
China (Hong Kong SAR),HKG,Women,1967,156.8379248,155.3567193,158.3663883
China (Hong Kong SAR),HKG,Women,1968,156.9128687,155.4276417,158.4477457
China (Hong Kong SAR),HKG,Women,1969,156.9868627,155.4796095,158.5627014
China (Hong Kong SAR),HKG,Women,1970,157.0596949,155.5254924,158.6483821
China (Hong Kong SAR),HKG,Women,1971,157.1319143,155.5596826,158.7716731
China (Hong Kong SAR),HKG,Women,1972,157.203694,155.5922413,158.8639496
China (Hong Kong SAR),HKG,Women,1973,157.2756565,155.6073214,158.9796348
China (Hong Kong SAR),HKG,Women,1974,157.349116,155.6293153,159.1021893
China (Hong Kong SAR),HKG,Women,1975,157.4232295,155.6535108,159.2211749
China (Hong Kong SAR),HKG,Women,1976,157.4977498,155.6633973,159.3428085
China (Hong Kong SAR),HKG,Women,1977,157.5716452,155.6784044,159.4732082
China (Hong Kong SAR),HKG,Women,1978,157.6453386,155.6764053,159.6232255
China (Hong Kong SAR),HKG,Women,1979,157.7191942,155.7109549,159.7560051
China (Hong Kong SAR),HKG,Women,1980,157.7936764,155.7149649,159.8799088
China (Hong Kong SAR),HKG,Women,1981,157.8692306,155.7131073,159.9993683
China (Hong Kong SAR),HKG,Women,1982,157.9460487,155.7178354,160.1420263
China (Hong Kong SAR),HKG,Women,1983,158.0237038,155.7042694,160.2977364
China (Hong Kong SAR),HKG,Women,1984,158.1020183,155.69691,160.4561592
China (Hong Kong SAR),HKG,Women,1985,158.1801159,155.6881084,160.6213361
China (Hong Kong SAR),HKG,Women,1986,158.2580393,155.6896509,160.7876816
China (Hong Kong SAR),HKG,Women,1987,158.3347477,155.6932013,160.9877987
China (Hong Kong SAR),HKG,Women,1988,158.4105637,155.6803353,161.1440792
China (Hong Kong SAR),HKG,Women,1989,158.4861121,155.6444291,161.320833
China (Hong Kong SAR),HKG,Women,1990,158.5613373,155.6223434,161.5079384
China (Hong Kong SAR),HKG,Women,1991,158.6371224,155.5978863,161.6820326
China (Hong Kong SAR),HKG,Women,1992,158.7135512,155.551523,161.8795673
China (Hong Kong SAR),HKG,Women,1993,158.7908391,155.4856849,162.0622788
China (Hong Kong SAR),HKG,Women,1994,158.8688217,155.447107,162.2418809
China (Hong Kong SAR),HKG,Women,1995,158.9468768,155.4186973,162.4358935
China (Hong Kong SAR),HKG,Women,1996,159.0254026,155.3749221,162.6085018
